PressureGPa,TemperatureK
0.1,1573.15
0.824647864,1592.024648
1.277013752,1604.627725
1.729379641,1608.247936
2.18174553,1612.813797
2.634111418,1619.156331
3.086477307,1626.062434
3.538843195,1631.526183
3.991209084,1636.636508
4.443574973,1642.92173
4.895940861,1648.337719
5.34830675,1653.257004
5.800672638,1659.045521
6.253038527,1664.552168
6.705404415,1672.141326
7.157770304,1677.051059
7.610136193,1680.394262
8.062502081,1686.832316
8.51486797,1693.270371
8.991062496,1696.797969
9.419599747,1701.895835
9.871965636,1706.471247
10.32433152,1710.95114
10.77669741,1715.517
11.2290633,1720.054204
11.68142919,1724.916177
12.13379508,1729.290997
12.58616097,1734.302413
13.03852686,1739.854155
13.49089274,1746.924006
13.94325863,1755.463503
14.33907879,1768.453476
14.58701009,1799.717962
15.03937598,1809.126691
15.49174187,1810.853216
15.94410776,1811.768294
16.39647364,1814.194052
16.8531892,1818.234371
17.30120542,1823.919569
17.75357131,1833.54508
18.2059372,1842.997866
18.65830309,1854.418575
19.11066898,1871.004607
19.56303486,1879.582311
20.01540075,1882.170905
20.46776664,1884.702188
20.92013253,1884.940988
21.37249842,1887.520031
21.82486431,1891.27397
22.2772302,1895.066118
22.71567713,1888.871346
22.92421284,1868.876182
23.33855016,1854.068894
23.79091605,1862.808983
24.24328194,1875.092866
24.69564783,1887.625103
25.14801372,1898.772297
25.60037961,1906.834193
26.0527455,1913.300903
26.50511138,1915.125337
26.95747727,1915.841738