PressureGPa,TemperatureK
0.1,1673.15
0.354883287,1678.713108
0.807249176,1686.746348
1.259615064,1699.717977
1.711980953,1706.652736
2.164346842,1712.374389
2.61671273,1717.312778
3.069078619,1721.257758
3.521444507,1726.396739
3.973810396,1733.895066
4.426176285,1740.466848
4.878542173,1745.758661
5.330908062,1750.812409
5.78327395,1757.060856
6.235639839,1766.839946
6.688005727,1772.504287
7.140371616,1777.624164
7.592737505,1781.1202
8.045103393,1784.253259
8.497469282,1789.831632
8.94983517,1795.285829
9.402201059,1801.045691
9.854566947,1804.267497
10.30693284,1807.712993
10.75929872,1814.237016
11.21166461,1818.927052
11.6640305,1824.056481
12.11639639,1829.892759
12.56876228,1835.452028
13.02112817,1840.619665
13.47349406,1845.945684
13.9317755,1853.215224
14.35948878,1867.235585
14.58701009,1898.497053
15.03937598,1907.369106
15.49174187,1909.967252
15.94410776,1910.817381
16.39647364,1913.339112
16.84883953,1918.497196
17.30120542,1924.906595
17.75357131,1934.611436
18.2059372,1948.70065
18.65830309,1959.389348
19.11066898,1969.132397
19.56303486,1975.75194
20.01540075,1979.085591
20.46776664,1980.785849
20.92013253,1983.202507
21.37249842,1988.513424
21.82486431,1994.53119
22.2772302,1997.157993
22.72959608,1991.656035
23.15006438,1960.097106
23.56473311,1958.424595
24.017099,1972.676193
24.46946489,1984.377404
24.92183077,1993.251221
25.37419666,1999.689275
25.82656255,2003.997231
26.27892844,2006.690898
26.73129433,2009.336804
27.18366022,2012.78508