Iso,Elem,IsoFrac,PowerPerKg,HalfLife,Lambda,Xcr_Elem_Mean,Xcr_Elem_Std,Xbse_Elem_Mean,Xbse_Elem_Std
U238,U,0.99279550,9.4946E-05,4.468,0.1551358953804710,1.30E-06,4.00E-07,1.73E-08,3.00E-09
U235,U,0.00720450,5.68402E-04,0.704,0.9845840632953760,1.30E-06,4.00E-07,1.73E-08,3.00E-09
Th232,Th,0.99980000,2.6368E-05,14.00,0.0495105128971389,5.60E-06,1.70E-06,6.26E-08,1.07E-08
K40,K,0.00011668,2.8761E-05,1.248,0.5554063946794430,1.50E-02,4.50E-03,1.90E-04,4.00E-05